,What?,When?,Where?,URL,Notes,,,,
Year-round,,,,,,,Legend,Category,Location
Mill Ends Park,The world's smallest park,Always,SW Taylor and Naito,http://www.portlandoregon.gov/parks/finder/index.cfm?action=ViewPark&PropertyID=265,,, ,Sports/physical,N
Punch Bowl Social,A restaurant/bowling alley serving cocktails in punchbowls,Every day,340 SW Morrison St,http://punchbowlsocial.com/portland/,,, ,Fairs and fests,NE
King Trivia,Team trivia at AC Marriott,Tuesdays at 6,888 SW Third Avenue,https://kingtrivia.com/where-to-play/,,,,Movies/shows,NW
Powell's Books,The world's largest new & used bookstore,Every day,SW 10th and Burnside,http://www.powells.com/locations/powells-city-of-books/,,, ,Food,SE
Living Room Theatres,Movie theater with a full menu,Every day,341 SW 10th Ave,http://pdx.livingroomtheaters.com/,,, ,Nature/animals,SW
Yacht Tubs,"Rent a boat with a hot tub, pilot it down the river",Weds-Mon,Riverplace Promenade,https://www.yacht-tubs.com/,"Book in advance, $399 for 2 hours up to 6 people",, ,Trivia,Outside Portland
Glowing Greens,"Blacklight mini-golf, escape room, and axe throwing in one",Every day,509 SW Taylor St,https://glowinggreens.com/,,, ,Other,Various
Portland spirit cruises,"Brunch, lunch, dinner, or sightseeing cruises on the river",Every day,Willamette River,http://www.portlandspirit.com/,,, ,corrections/suggestions/thanks? text (424) 253-6697,
Portland Farmers Market,Huge farmers market with produce and prepared foods,Every Saturday,PSU,http://www.portlandfarmersmarket.org/our-markets/psu/,,,,,
Timbers/Thorns Games,Soccer,weeklyish Feb-Oct,1844 SW Morrison St,https://www.timbers.com/,,,,,
Fathom,An immersive ocean-themed art experience,Friday-Sunday,520 SW 4th Ave,https://www.roboocto.com/,$22,,,,
Toasted S'mores Bar,A cozy spot with gourmet s'mores torched while you watch,Weds-Sun evening,1126 SW Alder St,https://www.toastedsmoresbar.com/,,,,,
Tryon Creek Guided Hikes,"Educational hikes led by a ranger, on various topics",Most Saturdays,11321 SW Terwilliger Blvd,https://stateparks.oregon.gov/index.cfm?do=park.profile&parkId=103,They sometimes have events on Sundays as well,,,,
4-T Trail,"Take a trail, train, (aerial) tram, and trolley",Daytime,SW Portland,https://4ttrail.wordpress.com/,The tram is closed Sundays during some of the year,,,,
International Rose Test Garden,See hundreds of varieties of roses in Rose City,Every day,400 SW Kingston Ave,http://www.portlandoregon.gov/parks/finder/index.cfm?action=viewpark&propertyid=1113,,,,,
Oregon Zoo,A typical zoo,"Daily most of the year, F-M in Winter",SW Portland,http://www.oregonzoo.org/,Closed some weekdays in Winter,,,,
World Forestry Center,Museum about trees and forests,Weds-Sun 11-4,4033 SW Canyon Rd,https://www.worldforestry.org/our-museum/,,,,,
Scrap PDX Crafternoons,Create a craft with repurposed materials - ages 6 and up,Sun 2-4,1736 SW Alder,https://humanitix.com/us/search?locationQuery=Portland&lat=45.515232&lng=-122.6783853&plId=ChIJJ3SpfQsLlVQRkYXR9ua5Nhw&query=crafternoon,,,,,
Oregon Historical Society,"Engaging, interactive museum about Oregon history",Every day,1200 SW Park Ave,https://www.ohs.org,"free for kids and Multnomah County residents , $12-14 otherwise",,,,
The Electric Boat Company,Rent an electric boat and cruise the Willamette with ~10 friends,Most days,1811 S River Drive,https://www.portlandelectricboatco.com/,,,,,
Pittock Mansion,Tour a 1914 mansion and learn about Portland history,Every day,3229 NW Pittock Drive,http://pittockmansion.org/,,,,,
Ground Kontrol,Arcade/bar - $10-20 can last you for hours,Every day,511 NW Couch,http://groundkontrol.com/,$10 all-you-can-play on the second Thursday and last Wednesday every month from noon to midnight,,,,
Freakybuttrue Peculiarium,A small museum of art and oddities,Th-T 11-6,2234 NW Thurman St,https://peculiarium.com/,Discounted admission on Thursdays,,,,
Improv Comedy,People improvise comedy onstage,Weekend evenings,16 NW Broadway,http://www.portlandcomedy.com/,,,,,
Kayaking,Kayak or canoe in the Willamette,Every day,1515 SE Water Ave,http://aldercreek.com/,Many other locations available,,,,
Oregon Rail Heritage Center,Free train museum. $14 train rides March-September,Thurs-Sun,2250 SE Water Ave,https://orhf.org/visit-orhc/,,,,,
Quarterworld,"Arcade/bar, more variety & physical games than GK ^",Every day,4811 SE Hawthorne,http://quarterworldarcade.com,,,,,
Apizza Scholls,The best pizza in Portland?,Every day after 5,4741 SE Hawthorne Blvd,http://apizzascholls.com/,,,,,
Memory Den Vintage Mall,"Huge two-story shop of vintage shopping, with a cafe and bar",Every day,499 SE 2nd Ave,https://www.memorydenpdx.com/,,,,,
Rimsky-Korsakoffee House,Late-night desserts with creepy ambiance & haunted tables,Sun-Th after 7,707 SE 12th Ave,https://www.instagram.com/rimskykorsakoffeehouse/,,,,,
Hawthorne Asylum,A large food cart pod with lots of covered seating,Every day,1080 SE Madison St,,"Cartopia, another food card pod, is a couple blocks away",,,,
Franz Bread Factory & Outlet,Watch through a window as bread is made,Always?,SE 11th and Oak,,Surprisingly fascinating!,,,,
Ken's Artisan Pizza,The best pizza in Portland?,Every day after 5ish,304 SE 28th Ave,https://kensartisan.com/pizza,,,,,
Lardo,"Casual spot with hot, unique, meat-centric sandwiches",Every day,1212 SE Hawthorne,https://www.lardosandwiches.com/,Multiple locations. The porchetta is something special.,,,,
Bagdad Theater & Pub,Full-service theater & pub with shuffleboard and pool,Every day,3702 SE Hawthorne,https://www.mcmenamins.com/bagdad-theater-pub,,,,,
Tomorrow Theater,"Different movies every night, often accompanied by live hosts",Most evenings,3530 SE Division St,https://tomorrowtheater.org/,,,,,
Portland Mercado,A food cart pod featuring cuisine from all over Latin America,Every day,7238 SE Foster Rd,https://www.portlandmercado.org/,CLOSED temporarily due to a fire,,,,
Schilling Cider House,50 hard ciders on tap and gluten-free food,Every day,2800 SE Division St,https://schillingcider.com/cider-houses/portland/,,,,,
Hopscotch,"All-ages immersive art installation, cafe with unique creations",Weds-Sun,1020 SE 10th Ave,https://letshopscotch.com/locations/portland,,,,,
Cartlandia,Big food cart pod with cornhole and TVs,Every day,8145 SE 82nd Ave.,http://www.cartlandia.com/,,,,,
Cinemagic Theater,"Little theater, $9 first run movies, cheap popcorn",Every day,2021 SE Hawthorne Boulevard,http://www.thecinemagictheater.com/,,,,,
Studio One Theaters,Movie theater with a full menu,Every day,3945 SE Powell Blvd,https://studioonetheater.com/,,,,,
Slappy Cakes,Make pancakes at your table with an assortment of toppings,Every day,4246 SE Belmont,http://www.slappycakes.com/locations/portland/,,,,,
Wildcraft Studio,"Craft classes, mostly one-off but some multi-week series",Most days,601 SE Buckman,https://wildcraftstudioschool.com/,,,,,
Cookshop,"Cooking classes, some one-off, many multi-week series",Most days,2625 SE 26th Ave,https://www.portlandcookshop.com/,,,,,
OMSI,"Science museum with a theater, planetarium, and exhibits",Daily,1945 SE Water Ave.,https://www.omsi.edu,Check out the fetus exhibit,,,,
Wyrd Leatherworks and Meadery,"A leather goods shop, meadery, and tasting hall - flights",Weds-Sun,4515 SE 41st Ave,https://www.wyrdleatherandmead.com/,"check out the events page for regular game nights, etc.",,,,
Guardian Games Open Play,Learn a new game or borrow an old favorite,Sundays,345 SE Taylor,https://ggportland.com/event/,Other events all week,,,,
Experiment PDX,A small hands-on science and art museum,Tues-Sun,1421 SE Stark,https://www.experimentpdx.com/,"$10 admission, sometimes closed for special events",,,,
Sellwood Antique shops,"5 antique shops in 6 blocks, plenty of food & shops nearby",Every day,Sellwood,,Go from Elemental Arts to Unique Antique,,,,
Crystal Springs Rhododendron Garden,Take a walk to look at flowers and ducks in a garden,Every day,5801 SE 28th Ave,https://www.portlandoregon.gov/parks/finder/index.cfm?&propertyid=27&action=viewpark,"$5 admission, free on Mondays",,,,
Oaks Park Roller Rink,Indoor roller skating - Live organ Th and Sun is great!,Most afternoons,7805 SE Oaks Park Way,https://www.oakspark.com/hours,,,,,
Rose City Rollers,Watch live roller derby matches or join in a class,See schedule,7805 SE Oaks Park Way,https://rosecityrollers.com/,$10-22 tickets,,,,
Portland Insectarium,Museum dedicated to insects and arachnids,Thur-Sun,5429 N Moore Ave,https://www.pdxinsectarium.org/,"Open some Wednedays, hours vary",,,,
Geek Out Trivia at Mississippi Pizza,Team trivia at a pizza parlor - great pizza. $5 per person,Every Monday at 7,3552 N. Mississippi Ave Portland,https://www.mississippipizza.com/event/geek-out-with-daria-dusty/all/,,,,,
GiftyKitty,Portland's ONLY fully cat-themed gift shop,Every day 11-6 or 8,3719 N Mississippi Ave,https://giftykitty.com/,,,,,
Paxton Gate,Eclectic shop full of oddities – taxidermy & weird treasures,Every day 11-7,4204 N Mississippi,https://paxtongate.com/,,,,,
The Belmont Goats,A herd of friendly goats living in the city,Always,6631 N Syracuse St,http://thebelmontgoats.org/,"On weekends from 11am-2pm, you can come in and meet them",,,,
Emperor Georgiou's Tea Room,Reserve an hour or so for a tea service with snacks,Every day, 8237 N Denver Ave,https://www.emperorgeorgiou.black/,,,,,
DIY Bar,A bar that sets you up to do crafts - join an event or choose your own,Tues-Sun,3522 N Vancouver Ave.,https://diybar.co/,Book in advance,,,,
Wonderwood Springs,A cartoon fantasy-themed restaurant from the sloth yard sign guy,Every day,8811 N Lombard Street,https://www.wonderwoodsprings.com/,They have mini golf next door!,,,,
The Craft Factory,Make art by hot gluing stuff onto other stuff,"M, W, Th, F, Sat",4555 N Williams Ave ,https://craftfactorypdx.com/,,,,,
Creo Chocolate,$25 90 minute chocolate factory tours and make your own bar,"T, Th, F, & S at 2pm",122 NE Broadway,http://creochocolate.com/visit/,Book online,,,,
Kennedy School,"Former school, now theather, soaking pool, hotel, and bars",Every day,5736 NE 33rd Ave.,http://www.mcmenamins.com/KennedySchool,,,,,
Oregon Humane Society,Visit or adopt cats and dogs,Every day,1067 NE Columbia Blvd,http://oregonhumane.org/,,,,,
Rose City Book Pub,"A used bookstore with alcohol, drink while you read/browse",Daily,1329 NE Fremont Street,https://www.rosecitybookpub.com/home,Trivia on Wednesdays,,,,
Tin Shed,Pup-friendly brunch - watch out for the line!,Every day,1438 NE Alberta St,https://www.tinshedgardencafe.com/,,,,,
The People's Courts,Pay-by-the-hour sports courts - equipment provided for some sports,Every day,2700 NE 82nd Ave,https://thepeoplescourts.com/,,,,,
Slime Kitchen,DIY Slime bar at Washington Square Mall- $30/person,Every day,Beaverton,https://theslimekitchen.com/pages/location-portland,,,,,
iFly,Indoor skydiving,Every day,Beaverton,http://www.iflyworld.com,look for coupons/groupons,,,,
BG Food Cartel,A huge food cart pod in Beaverton,Every day,Beaverton,https://bgfoodcartel.com/,,,,,
DEFY Trampoline Park,"Trampoline park/rock climbing/obstacle course, etc.",Every day,Beaverton,https://defy.com/defy-beaverton,,,,,
Cake Hoopla,DIY cake decorating - they supply the cakes and materials,Weds-Sun,Tigard,https://cakehoopla.com/,"Open studio Weds-Sun, occasional workshops, also offer take-home kits",,,,
Archers Afield,One-time and ongoing archery lessions for ages 5+,Evenings/Weekends,Tigard,https://www.archersafield.com/,Book ahead - see calendar for schedule,,,,
Rice Museum of Rocks & Minerals,Cool small geology museum,Most days,Hillsboro,https://ricenorthwestmuseum.org/,,,,,
Next Level Pinball Arcade & Museum,"One of the world's largest arcades, $20 for a day pass",Thurs-Sun,Hillsboro,https://www.nextlevelpinballmuseum.com/,,,,,
Wine Tasting,Visit wineries and sample some wine,Every day,Wilamette Valley,http://www.oregonwinecountry.org/wine/,About $15 per winery for a tasting,,,,
Evergreen Aviation & Space Museum,Museum with exhibits on flight and space travel,Every day,McMinnville,https://www.evergreenmuseum.org/,"A good fit for aviation nerds, may not be appealing to a wider audience",,,,
Wings & Waves Water Park,Indoor water park next to the aviation museum,Varies by season,McMinnville,https://www.wingsandwaveswaterpark.com/,,,,,
Collins Beach,A clothing-optional river beach north of Portland,Every day,Columbia County,,,,,,
McMenamin's Edgefield,"Hotel w/drinks, spa, soaking pool, golf, movies, restaurant",Every day,Troutdale,https://www.mcmenamins.com/edgefield,,,,,
Tillamook Cheese Factory,"Watch cheese being made, taste cheese and ice cream",Every day,Oregon Coast,https://www.tillamook.com/cheese-factory/,,,,,
Fruit Loop,A self-guided tour of fruit stands and wineries,Every day,East of Portland,http://hoodriverfruitloop.com/,Special events several times a year,,,,
Multnomah Falls,"A tall, famous waterfall with hiking trails",Every day,East of Portland,http://www.oregon.com/attractions/multnomah_falls,,,,,
Trail of Ten Falls,Popular hiking trail that takes you behind a waterfall,Every day,"Near Mahama, OR",https://www.alltrails.com/trail/us/oregon/trail-of-ten-falls-canyon-trail,,,,,
Ape Caves,Hike through lava tubes - the easy way or the hard way,Every day,Mt. St. Helens area,http://www.mountsthelens.com/ape-caves.html,You'll need some flashlights and a buddy.,,,,
Bonneville Dam,"A fun dam and museum, watch fish go up the fish ladder",Every day,East of Portland,http://www.nwp.usace.army.mil/Locations/ColumbiaRiver/Bonneville.aspx,,,,,
Hike in the Gorge,Many hikes in a scenic area outside of Portland,Every day,East of Portland,https://gorgefriends.org/hike-the-gorge/find-a-hike.html,,,,,
Bonneville Fish Hatchery,Feed fish and see salmon spawning,Every day,East of Portland,http://www.dfw.state.or.us/resources/visitors/bonneville_hatchery.asp,,,,,
Mount Hood Railroad,"Scenic train rides around Mt Hood, stops at winery/museum",Varies by season,Hood River,https://www.mthoodrr.com/train-rides/,,,,,
Salt & Straw,Unique fresh ice cream,Every day,Various,http://saltandstraw.com/,Multiple locations. Watch out for long lines!,,,,
Los Gorditos,Addictive veggie-friendly burrito shop,Every day,Various,http://www.losgorditospdx.com/,Try a veggie/vegan burrito - spicy salsa is a must!,,,,
Blue Star Donut,Unique high-end donuts. Twice as good as the best donut you've had,Every day,Various,http://www.bluestardonuts.com/,,,,,
Voodoo Doughnuts,Kitschy donuts with interesting toppings,24/7 except Christmas and New Years,Various,http://www.voodoodoughnut.com/,"A must for tourists, but the donuts are nothing special - the Eastside location has a shorter line",,,,
Second-Run Theaters,See older movies for under $7,Every day,Various,https://portlandlivingonthecheap.com/cheap-portland-movies/,,,,,
Brewcycle,Like a team pedicab that takes you to breweries,Every day,Various,https://www.brewgrouppdx.com/brewcycle/,,,,,
Axe throwing,Throw axes at targets - often combined with drinking,Every day,Various,"Look on google maps, there are many different companies",,,,,
Geeks Who Drink Trivia,Well-done trivia at bars across Portland,Every night,Various,https://www.geekswhodrink.com/venues/?search=&location=Portland%2C+OR,,,,,
Last Call Trivia,Mediocre chain trivia all around Portland - low difficulty,Most evenings,Various,http://www.lastcallusa.com/schedule.php?ci=portland,Feud-style is the best.,,,,
Shanrock's Trivia,Team trivia at various bars - moderate difficulty,Most nights,Various,http://shanrockstrivia.com/,,,,,
Bridgetown trivia,"Team trivia at various bars and restaurants - moderate difficulty, lots to do",Most nights,Various,http://bridgetowntrivia.com/,,,,,
Escape Rooms,Solve puzzles in 1 hr to escape from a room,"Most days, with reservations",Various,http://www.portlandescaperooms.com/#escape-rooms,You'll need at least one friend - there are lots of companies and groupons,,,,
Paint Nite,Show up for a painting lesson - all supplies provided,Most evenings,Varies,https://www.paintnite.com,Look for coupons,,,,
Volunteer with Friends of Trees,"Fun, well-organized community tree-planting events",Most weekends,Varies,https://friendsoftrees.org/event-calendar/,,,,,
Board Game Nights,Play board games in public. See notes for locations >,"Weds, Thurs, Sat",Various,,"Wednesday - Cloud Cap Games, East Side Game Night @ Von Ebert Brewing, CC Slaughters, My Father's Place, Thursday - Mox PDX, Lucky Lab Pub, Puddletown Games, The 4th Wall PDX,  Saturday - Portland Game Store, Market of Choice - Goat Blocks",,,,
Open Mics/Comedy Shows,Open mics and comedy shows,Every night,Various,https://www.laughspdx.com/,,,,,
Columbia River Orienteering,Beginner-friendly orienteering events - a hiking scavenger hunt,Once a month,Varies,https://www.croc.org/events-results,Advance registration required. They also have several free permanent routes you can try any time: https://www.croc.org/permanent-courses/,,,,
,,,,,,,,,
Occasional,,,,,,,,,
First Thursdays,Art galleries open for an evening,1st Thursday of every month,Pearl District,https://www.firstthursdayportland.com/,,,,,
Mortified,Watch people read their funny teenage diaries onstage,4 times/year,3000 NE Alberta S,http://www.getmortified.com/live/,,,,,
Sellwood-Moreland 4th Fridays,"Art actiivities, skate park, live music, local art, performances",May-Sept 4th Fri,Central Sellwood,https://sellwoodmoreland.com/4th-friday,,,,,
Hollywood Theater Special Movies,"Movie+fun: B-Movie bingo, etc.",Frequently,4122 NE Sandy Blvd,https://hollywoodtheatre.org/programs/series/,,,,,
Portland Night Market,"Entertainment, crafts and food",A few times/yr,100 block SE Alder,http://www.pdxnm.com/,super crowded,,,,
OMSI After Dark,Science museum opens only to adults at night,One Wednesday per month,1945 SE Water Ave.,https://www.omsi.edu/afterdark,Alcohol is available,,,,
The Moth,True stories told live onstage,About 2/month,Various,http://themoth.org/events,,,,,
Adult Spelling Bee,Live monthly spelling bee for adults at a bar,1st Sun of the month,"5426 N Gay Ave,",https://untappedtrivia.com/spelling-bee,,,,,
,,,,,,,,,
Seasonal,,,,,,,,,
Saturday Market,A maze of locally-made crafts and food - Saturday & Sunday,March-December,Waterfront,http://www.portlandsaturdaymarket.com/visit-the-market/hours-directions/,,,,,
Oaks Park,"Permanent carnival: rides, games, food, skating rink, mini golf",March-October,Haunted houses and rides at night,http://www.oakspark.com/,open only weekends in the Spring,,,,
Powerland Heritage Park,A campus of old-timey museums and event spaces,April-September,Brooks (near Salem),https://www.antiquepowerland.com/,Mostly worth visiting only during big events unless you are an antique vehicle nerd,,,,
99W Drive-In Theater,Drive-in theater,Fri-Sun,Newberg,https://www.99w.com/,,,,,
Willamette Jet Boat Excursions,A thrilling scenic tour down the Willamette - you will get wet,May-September,1945 SE Water Ave,https://willamettejet.com/,book in advance,,,,
Mount Hood Railbikes,Two-person bikes w/electric assist that run on railroad tracks,May-October,Hood River,https://www.mthoodrr.com/railbikes/,,,,,
Frog Pond Farm,"Feed dozens of friendly animals, kid-focused but fun for all",May-December,Wilsonville,https://www.thefrogpondfarm.com/,,,,,
Willamette Shore Trolley,Historic trolley tour from Lake Oswego to Portland along the river,June-September,Lake Oswego,https://wst.oregontrolley.com/,,,,,
Mount Hood Adventure Park,"Alpine slide, summer tubing, bungee jumping, and more",June-September,Mt Hood Ski Bowl,https://skibowl.com/,"check website for exact dates, buy tickets in advance to save $10",,,,
Alberta Last Thursdays,"Food, performance, and art for sale",Last Th of summer months,Alberta between 15th and 30th,https://www.portland.gov/last-thursdays,,,,,
Mount Hood Skiing,"Ski, snowboard, watch people skiing and snowboarding",Winter,"14040 Highway 35, Mt Hood",https://www.skihood.com/,,,,,
Cosmic Tubing,Nighttime snow tubing with colorful lights and a lift,Winter,Mt Hood Ski Bowl,https://www.skibowl.com/snow-tube-adventure-park/cosmic-tubing.html,,,,,
Oneonta Falls,Hike through a river & log jam to a waterfall,When it's warm out,East of Portland,http://www.nwhiker.com/CGNSAHike53.html,Be ready to get wet - there might be a little swimming,,,,
Float the Clackamas River,Bring your own tube and float down the Clackamas River,When it's warm out,Estacada,https://oregonriverrentals.com/blog/clackamas-river-mciver-to-carver/,"Do a little research first - you'll need to buy tubes (cheaper than renting) and you need two cars, a car and a bike, or take an uber",,,,
Original Practice Shakespeare Fest,Free Shakespeare plays in parks,Summer,Varies,https://www.opsfest.org/tour-calendar.html,,,,,
Summer Free For All,"Food, music, and free movies in parks",Summer evenings,PDX Parks,https://www.portland.gov/parks/arts-culture/sffa,,,,,
Berry Picking,Pick all kinds of berries,Summer days,Various,https://www.columbiafarmsu-pick.com/,"Many farms, or find blackberries on the side of the road anywhere",,,,
,,,,,,,,,
Annual,,,,,,,,,
Winter Light Festival,Light-based art exhibits in public places throughout the city,Early February,All over Portland,https://pdxwlf.com/,,,,,
Zwickelmania,Free tours & samples at 10's of breweries,Presidents' Day weekend,All over Portland,http://oregoncraftbeer.org/zwickelmania/,The next weekend there is another event for breweries outside Portland,,,,
Brewstillery Fest,Portland brewers and distillers come together for pairings,Late Feb/early March,832 N Beech St,https://www.stormbreakerbrewing.com/,,,,,
Wooden Shoe Tulip Festival,"Flowers, food, and fun",Late March,Woodburn,http://www.woodenshoe.com/events/tulip-fest/,,,,,
Cherry Blossoms,Cherry blossoms bloom for a couple of weeks - timing varies,March/April,Waterfront Park,https://portlandlivingonthecheap.com/cherry-blossom-portland/,,,,,
Oregon Ag Fest,"A kid-friendly fest celebrating OR farms - animals, crafts, food",Late April,Salem,https://oragfest.com,,,,,
Cannon Beach Puffins,Watch puffins nesting on the Oregon coast,April-May,Oregon Coast,http://www.wildbirdshop.com/Birding/t-puffin.html,,,,,
McMinnville UFO Festival,"Alien parade, talks, and events",Mid-May,McMinnville,http://ufofest.com,,,,,
Doggy Dash,"Dog walk/run, contests, and other activities",Mid-May,Waterfront Park,https://secure.oregonhumane.org/doggiedash,registration required,,,,
Portland Pug Crawl,A pug parade and costume contest,Spring or Summer,NW 31st Ave,https://www.oregonhumane.org/get-involved/events/pug-crawl/,,,,,
St. John's Bizarre,"Entertainment, crafts and food",2nd Saturday in May,St. Johns business district,http://stjohnsbizarre.com/,,,,,
Rose Festival,"Fair rides, fair food, and fair music",Memorial Day and next two weekends,Waterfront,http://www.rosefestival.org/waterfront,,,,,
Oregon Midsummer Festival,"Celebrate Nordic culture and summer with crafts, food, & music",~June 20,8800 SW Oleson Rd,https://www.oregonmidsummer.com/,,,,,
Tigard Festival of Balloons,"Hot air balloons, food, carnival rides - free tethered rides early AM",Late June,"Cook Park, Tigard",http://www.tigardballoon.org/#about,,,,,
World Naked Bike Ride,Ride your bike with a large crowd of naked people,June or July,Varies,http://pdxwnbr.org/,,,,,
Oregon Renaissance Faire,A renaissance faire,June weekends,"Canby, OR",https://www.oregonfaire.com/,,,,,
Cat Video Fest,Internet cat videos at a movie theater,Summer (varies),Varies,http://www.catvideofest.com/,,,,,
Cider Summit,Hard cider festival,Mid-June,Varies,www.cidersummitnw.com/,,,,,
Summer Kite Festival,Two days of kite-flying activities on the beach,Late June,"Lincoln City, OR",https://www.oregoncoast.org/events/annual/summer-kite-festival/,,,,,
Beer festivals,Various beer festivals,June-July,Various,"http://www.oregonbrewfest.com/, http://www.portlandcraftbeerfestival.com/, or http://www.portland-beerfest.com/",,,,,
Waterfront Blues Fest,Blues festival and good place to watch July 4 fireworks,Around July 4,Waterfront,http://www.waterfrontbluesfest.com/,,,,,
Mississippi Street Fair,"Entertainment, crafts and food",Mid July,NE Mississippi,https://mississippiave.org/streetfair/,,,,,
Montavilla Street Fair,"Entertainment, crafts and food",Late July,"SE Stark, 76th-82nd Ave",https://metba.org/montavilla-street-fair/,,,,,
Portlandia Mermaid Parade,Mermaid-themed parade at the waterfront,Late July,Waterfront Park,https://www.portlandiamermaidparade.com/,,,,,
The Great Oregon Steam-up,An old-timey festival with old equipment and demonstrations,Late July/early Aug,Brooks,https://www.antiquepowerland.com/steam-up,,,,,
Fremont Fest,"Entertainment, crafts and food",Early August,40th and Fremont,https://www.bbapdx.org/,,,,,
Corgi walk,Hundreds of corgis walking together,Mid-August,Wallace Park,http://corgiwalk.com,,,,,
Multnomah Days,"Entertainment, crafts and food",Mid August,Multnomah Village,https://www.multnomahvillage.org/multnomahdays,,,,,
Portland Bridge Pedal,Non-competitive community bike ride on PDX bridges,Mid-August,Starts downtown,https://www.providence.org/lp/bridge-pedal,,,,,
PDX Adult Soapbox Derby,Wildly-decorated homemade vehicles race down Mt Tabor,Mid-August,Mt Tabor Park,https://www.soapboxracer.org/,,,,,
Hawthorne Street Fair,"Entertainment, crafts and food",Late August,Hawthorne Blvd,https://www.hawthorneblvd.com/,,,,,
WA State International Kite Festival,The largest and longest running Kite Festival in North America,Late August,"Long Beach, WA",https://kitefestival.com/,,,,,
Swifts Watch,Watch thousands of swifts fly into a chimney,September,Chapman Elementary School,http://audubonportland.org/local-birding/swiftwatch,Bring a picnic and come early - it gets busy!,,,,
Art in the Pearl,Portland’s largest outdoor art fair,Early September,Park blocks,https://www.travelportland.com/event/1310160/,,,,,
Belmont Street Fair,"Entertainment, crafts and food",2nd Sat in Sept,Belmont & 35th-ish,https://www.belmontdistrict.org/belmont-street-fair,,,,,
Mount Angel Oktoberfest,"German beer, food, and music festival",Mid-September,Mount Angel,http://www.oktoberfest.org/,,,,,
Oregon International Air Show,Planes,Late September,McMinnville,https://oregonairshow.com/,,,,,
Pumpkin Patch/Corn Maize,"Pick pumpkins, wander through a maze, eat apples",October,Sauvie Island,http://www.krugersfarmmarket.com/,There are other farms nearby. SERIOUS traffic on weekends.,,,,
Oaks Park Scaregrounds,Haunted houses at Oaks Park - the rides are often open too,October weekends,7805 SE Oaks Park Way,https://scaregroundspdx.com/,,,,,
West Coast Giant Pumpkin Regatta,A race around the lake in giant pumpkins,Mid-October,Tualatin,https://www.tualatinoregon.gov/pumpkinregatta,"free, food and vendors are also present",,,,
Christmas Ship Parade,Nightly parade of boats with Christmas lights,December nights,Willamette River,http://www.christmasships.org/,Exact location varies nightly,,,,
Tuba Christmas,Hundreds of tuba players perform Christmas carols,Near Christmas,Pioneer square,http://www.tubachristmas.com/readtcloc.php?TCState=OR,,,,,
Peacock Lane Christmas Lights,A few blocks of houses well-decorated with Christmas lights,Near Christmas,Peacock Lane between Stark & Belmont,www.peacocklane.org,Some days are pedestrian only (which is better),,,,
,,,,,,,,,
Itineraries,,,,,,,,,
SE Breweries & Fun,Spend a day walking between breweries with fun breaks,Every day,Buckman neighborhood,"Suggested stops: Schilling, Rogue Eastside, Lucky Lab, Grand Fir, Gorges, Migration, Fracture, Ecliptic. Non-alcohol stops: Grand Central Bowl & Arcade, Hawthorne Asylum, Cartopia, Franz Bakery, Voodoo",,,,,
NW Books & Dessert,"Reading, with walkable snack breaks",Every day,W Burnside,"Suggested stops: Powell's, Cookie Dough Cafe, Wailua Shave Ice, Toasted S'mores, St. Cupcake, Petunia's Pie & Pastries",,,,,
"Gorge Hike, waterfall, and fish","Hiking, waterfalls, and fish hatchery - you'll need a car",Every day ,The Gorge,"Suggested stops: Multnomah falls, Angel's rest hike, Thunder Island Brewing Co., Gorges Brewing Co, Bonneville dam & fish hatchery, Sugarpine Drive-In",,,,,